,Title,Links
1,Acèh,https://ace.wikipedia.org/wiki/Kolera
2,Afrikaans,https://af.wikipedia.org/wiki/Cholera
3,Alemannisch,https://als.wikipedia.org/wiki/Cholera
4,Aragonés,https://an.wikipedia.org/wiki/Colera
5,Asturianu,https://ast.wikipedia.org/wiki/C%C3%B3lera
6,Azərbaycanca,https://az.wikipedia.org/wiki/V%C9%99ba
7,Bân-lâm-gú,https://zh-min-nan.wikipedia.org/wiki/L%C3%A0u-th%C3%B2%CD%98-soa
8,Bikol Central,https://bcl.wikipedia.org/wiki/Kolera
9,Bosanski,https://bs.wikipedia.org/wiki/Kolera
10,Brezhoneg,https://br.wikipedia.org/wiki/Kolera
11,Català,https://ca.wikipedia.org/wiki/C%C3%B2lera
12,Čeština,https://cs.wikipedia.org/wiki/Cholera
13,Cymraeg,https://cy.wikipedia.org/wiki/Colera
14,Dansk,https://da.wikipedia.org/wiki/Kolera
15,Deutsch,https://de.wikipedia.org/wiki/Cholera
16,Eesti,https://et.wikipedia.org/wiki/Koolera
17,Emiliàn e rumagnòl,https://eml.wikipedia.org/wiki/Col%C3%A9ro
18,Español,https://es.wikipedia.org/wiki/C%C3%B3lera
19,Euskara,https://eu.wikipedia.org/wiki/Kolera
20,Fiji Hindi,https://hif.wikipedia.org/wiki/Cholera
21,Français,https://fr.wikipedia.org/wiki/Chol%C3%A9ra
22,Frysk,https://fy.wikipedia.org/wiki/Goalera
23,Gaeilge,https://ga.wikipedia.org/wiki/Calar
24,Galego,https://gl.wikipedia.org/wiki/C%C3%B3lera
25,客家語/Hak-kâ-ngî,https://hak.wikipedia.org/wiki/Kh%C3%B3-lie%CC%8Dt-l%C3%A0
26,Hrvatski,https://hr.wikipedia.org/wiki/Kolera
27,Ido,https://io.wikipedia.org/wiki/Kolero
28,Ilokano,https://ilo.wikipedia.org/wiki/Kolera
29,Bahasa Indonesia,https://id.wikipedia.org/wiki/Kolera
30,Íslenska,https://is.wikipedia.org/wiki/K%C3%B3lera
31,Italiano,https://it.wikipedia.org/wiki/Colera
32,Jawa,https://jv.wikipedia.org/wiki/Kolera
33,Kiswahili,https://sw.wikipedia.org/wiki/Kipindupindu
34,Kreyòl ayisyen,https://ht.wikipedia.org/wiki/Kolera
35,Kurdî,https://ku.wikipedia.org/wiki/Kolera
36,Latina,https://la.wikipedia.org/wiki/Cholera
37,Latviešu,https://lv.wikipedia.org/wiki/Holera
38,Lëtzebuergesch,https://lb.wikipedia.org/wiki/Cholera
39,Lietuvių,https://lt.wikipedia.org/wiki/Cholera
40,Limburgs,https://li.wikipedia.org/wiki/Cholera
41,Luganda,https://lg.wikipedia.org/wiki/Kolera_ndwadde
42,Magyar,https://hu.wikipedia.org/wiki/Kolera
43,Malti,https://mt.wikipedia.org/wiki/Kolera
44,Bahasa Melayu,https://ms.wikipedia.org/wiki/Taun
45,閩東語 / Mìng-dĕ̤ng-ngṳ̄,https://cdo.wikipedia.org/wiki/B%C3%A2ng-t%C3%B3-si%C3%A1
46,Nederlands,https://nl.wikipedia.org/wiki/Cholera
47,Norsk bokmål,https://no.wikipedia.org/wiki/Kolera
48,Norsk nynorsk,https://nn.wikipedia.org/wiki/Kolera
49,Occitan,https://oc.wikipedia.org/wiki/Col%C3%A8ra
50,Oʻzbekcha / ўзбекча,https://uz.wikipedia.org/wiki/Vabo
51,Patois,https://jam.wikipedia.org/wiki/Kalara
52,Piemontèis,https://pms.wikipedia.org/wiki/Colera
53,Polski,https://pl.wikipedia.org/wiki/Cholera
54,Português,https://pt.wikipedia.org/wiki/C%C3%B3lera
55,Română,https://ro.wikipedia.org/wiki/Holer%C4%83
56,Runa Simi,https://qu.wikipedia.org/wiki/Q%27icha_unquy
57,Shqip,https://sq.wikipedia.org/wiki/Kolera
58,Sicilianu,https://scn.wikipedia.org/wiki/Culera
59,Simple English,https://simple.wikipedia.org/wiki/Cholera
60,Slovenčina,https://sk.wikipedia.org/wiki/Cholera
61,Slovenščina,https://sl.wikipedia.org/wiki/Kolera
62,Srpskohrvatski / српскохрватски,https://sh.wikipedia.org/wiki/Kolera
63,Suomi,https://fi.wikipedia.org/wiki/Kolera
64,Svenska,https://sv.wikipedia.org/wiki/Kolera
65,Tagalog,https://tl.wikipedia.org/wiki/Kolera
66,Thuɔŋjäŋ,https://din.wikipedia.org/wiki/Y%C3%A4cpou
67,Türkçe,https://tr.wikipedia.org/wiki/Kolera
68,Twi,https://tw.wikipedia.org/wiki/Ayamtunini/K%C9%94lera
69,Vahcuengh,https://za.wikipedia.org/wiki/Binghsiqrueg
70,Tiếng Việt,https://vi.wikipedia.org/wiki/B%E1%BB%87nh_t%E1%BA%A3
71,Võro,https://fiu-vro.wikipedia.org/wiki/Hall%C3%B5r
72,Walon,https://wa.wikipedia.org/wiki/Colera
73,Winaray,https://war.wikipedia.org/wiki/Kolera
74,Edit links,https://www.wikidata.org/wiki/Special:EntityPage/Q12090#sitelinks-wikipedia
75,Article,/wiki/Cholera
76,Talk,/wiki/Talk:Cholera
77,Read,/wiki/Cholera
78,Read,/wiki/Cholera
79,What links here,/wiki/Special:WhatLinksHere/Cholera
80,Related changes,/wiki/Special:RecentChangesLinked/Cholera
81,Upload file,/wiki/Wikipedia:File_Upload_Wizard
82,Special pages,/wiki/Special:SpecialPages
83,Wikidata item,https://www.wikidata.org/wiki/Special:EntityPage/Q12090
84,Wikimedia Commons,https://commons.wikimedia.org/wiki/Cholera
85,Wikisource,https://en.wikisource.org/wiki/Category:Cholera
86,No Title,No Link
87,Cholera (food),/wiki/Cholera_(food)
88,No Title,No Link
89,dehydration,/wiki/Dehydration
90,Specialty,/wiki/Medical_specialty
91,Infectious disease,/wiki/Infectious_disease_(medical_specialty)
92,Symptoms,/wiki/Signs_and_symptoms
93,diarrhea,/wiki/Diarrhea
94,vomiting,/wiki/Vomiting
95,muscle cramps,/wiki/Muscle_cramps
96,Complications,/wiki/Complication_(medicine)
97,Dehydration,/wiki/Dehydration
98,electrolyte imbalance,/wiki/Electrolyte_imbalance
99,Vibrio cholerae,/wiki/Vibrio_cholerae
100,fecal-oral route,/wiki/Fecal-oral_route
101,Risk factors,/wiki/Risk_factor
102,sanitation,/wiki/Sanitation
103,drinking water,/wiki/Drinking_water
104,poverty,/wiki/Poverty
105,Diagnostic method,/wiki/Medical_diagnosis
106,Stool test,/wiki/Stool_test
107,clean water,/wiki/Drinking_water
108,hand washing,/wiki/Hand_washing
109,cholera vaccines,/wiki/Cholera_vaccine
110,Oral rehydration therapy,/wiki/Oral_rehydration_therapy
111,zinc supplementation,/wiki/Zinc_supplementation
112,intravenous fluids,/wiki/Intravenous_fluids
113,antibiotics,/wiki/Antibiotics
114,Prognosis,/wiki/Prognosis
115,/ˈkɒlərə/,/wiki/Help:IPA/English
116,infection,/wiki/Infection
117,small intestine,/wiki/Small_intestine
118,strains,/wiki/Strain_(biology)
119,bacterium,/wiki/Bacteria
120,Vibrio cholerae,/wiki/Vibrio_cholerae
121,diarrhea,/wiki/Diarrhea
122,Vomiting,/wiki/Vomiting
123,muscle cramps,/wiki/Muscle_cramps
124,dehydration,/wiki/Dehydration
125,electrolyte imbalance,/wiki/Electrolyte_imbalance
126,sunken eyes,/wiki/Enophthalmia
127,bluish,/wiki/Cyanosis
128,types,/wiki/Serotype
129,unsafe water,/wiki/Waterborne_diseases
130,unsafe food,/wiki/Foodborne_illness
131,human feces,/wiki/Human_feces
132,shellfish,/wiki/Shellfish
133,bacteria,/wiki/Bacteria
134,Risk factors,/wiki/Risk_factors
135,sanitation,/wiki/Sanitation
136,drinking water,/wiki/Drinking_water
137,poverty,/wiki/Poverty
138,stool test,/wiki/Stool_test
139,dipstick test,/wiki/Dipstick#Testing_dipstick
140,clean water,/wiki/Drinking_water
141,Cholera vaccines,/wiki/Cholera_vaccine
142,E. coli,/wiki/Escherichia_coli
143,US Food and Drug Administration,/wiki/US_Food_and_Drug_Administration
144,Vaxchora,/wiki/Cholera_vaccine
145,oral rehydration salts,/wiki/Oral_rehydration_therapy
146,zinc supplementation,/wiki/Zinc_supplementation
147,intravenous fluids,/wiki/Intravenous_fluid
148,Ringer's lactate,/wiki/Ringer%27s_lactate
149,antibiotics,/wiki/Antibiotic
150,antibiotic sensitivity testing,/wiki/Antibiotic_sensitivity_testing
151,cholera pandemics,/wiki/Cholera_pandemic
152,high-income countries,/wiki/High-income_country
153,outbreaks,/wiki/Epidemic
154,chronically in certain areas,/wiki/Endemic
155,Africa,/wiki/Africa
156,Southeast Asia,/wiki/Southeast_Asia
157,Sanskrit,/wiki/Sanskrit
158,John Snow,/wiki/John_Snow_(physician)
159,epidemiology,/wiki/Epidemiology
160,script,/wiki/Wikipedia:VideoWiki/Cholera
161,No Title,No Link
162,diarrhea,/wiki/Diarrhea
163,vomiting,/wiki/Vomiting
164,dehydration,/wiki/Dehydration
165,electrolyte,/wiki/Electrolyte
166,asymptomatic,/wiki/Asymptomatic
167,bluish-gray,/wiki/Cyanosis
168,Kussmaul breathing,/wiki/Kussmaul_breathing
169,acidosis,/wiki/Acidosis
170,stool,/wiki/Human_feces
171,bicarbonate,/wiki/Bicarbonate
172,lactic acidosis,/wiki/Lactic_acidosis
173,perfusion,/wiki/Perfusion
174,Blood pressure,/wiki/Blood_pressure
175,seizures,/wiki/Seizures
176,coma,/wiki/Coma
177,electrolyte imbalances,/wiki/Electrolyte_imbalance
178,Vibrio cholerae,/wiki/Vibrio_cholerae
179,No Title,No Link
180,Scanning electron microscope,/wiki/Scanning_electron_microscope
181,No Title,No Link
182,Vibrio cholerae,/wiki/Vibrio_cholerae
183,shellfish,/wiki/Shellfish
184,plankton,/wiki/Plankton
185,Transmission,/wiki/Transmission_(medicine)
186,fecal-oral route,/wiki/Fecal-oral_route
187,sanitation,/wiki/Sanitation
188,developed countries,/wiki/Developed_country
189,developing countries,/wiki/Developing_country
190,oysters,/wiki/Oyster
191,sewage,/wiki/Sewage
192,planktonic,/wiki/Plankton
193,crustaceans,/wiki/Copepod
194,zooplankton,/wiki/Zooplankton
195,groundwater,/wiki/Groundwater
196,drinking water,/wiki/Drinking_water
197,shellfish,/wiki/Shellfish
198,waterway,/wiki/Waterway
199,spread directly from person to person,/wiki/Contagious_disease
200,phytoplankton,/wiki/Phytoplankton
201,zooplankton,/wiki/Zooplankton
202,biotic,/wiki/Biotic_material
203,abiotic,/wiki/Abiotic
204,viable but non-culturable,/wiki/Viable_but_non-culturable
205,toxicity,/wiki/Toxicity
206,temperate,/wiki/Temperateness_(virology)
207,bacteriophage,/wiki/Bacteriophage
208,gastric acidity,/wiki/Gastric_acid
209,proton pump inhibitors,/wiki/Proton_pump_inhibitors
210,blood type,/wiki/Blood_type
211,type O blood,/wiki/Type_O_blood
212,lowered immunity,/wiki/Immunodeficiency
213,AIDS,/wiki/HIV/AIDS
214,malnourished,/wiki/Malnutrition
215,health care provider,/wiki/Health_care_provider
216,medical citation needed,/wiki/Wikipedia:Identifying_reliable_sources_(medicine)
217,cystic fibrosis,/wiki/Cystic_fibrosis
218,mutation,/wiki/Mutation
219,delta-F508,/wiki/Delta-F508
220,heterozygous advantage,/wiki/Heterozygous_advantage
221,heterozygous,/wiki/Heterozygous
222,cystic fibrosis transmembrane conductance regulator,/wiki/Cystic_fibrosis_transmembrane_conductance_regulator
223,intestinal epithelium,/wiki/Intestinal_epithelium
224,No Title,No Link
225,biofilm,/wiki/Biofilm
226,acidic,/wiki/Gastric_acid
227,human stomach,/wiki/Stomach
228,nutrients,/wiki/Nutrient
229,protein,/wiki/Protein
230,small intestine,/wiki/Small_intestine
231,mucus,/wiki/Mucus#Digestive_system
232,flagella,/wiki/Flagellum
233,flagellin,/wiki/Flagellin
234,toxic proteins,/wiki/Exotoxin
235,cholera toxin,/wiki/Cholera_toxin
236,oligomeric,/wiki/Oligomer
237,protein subunits,/wiki/Protein_subunit
238,disulfide bond,/wiki/Disulfide_bond
239,GM1,/wiki/GM1
240,gangliosides,/wiki/Ganglioside
241,ADP-ribosylates,/wiki/ADP-ribosylation
242,G proteins,/wiki/G_protein
243,endocytosis,/wiki/Endocytosis
244,ADP-ribosylation factor 6,/wiki/ADP-ribosylation_factor_6
245,Gs alpha subunit,/wiki/Gs_alpha_subunit
246,heterotrimeric G protein,/wiki/Heterotrimeric_G_protein
247,cAMP,/wiki/Cyclic_adenosine_monophosphate
248,horizontal gene transfer,/wiki/Horizontal_gene_transfer
249,temperate,/wiki/Temperateness_(virology)
250,bacteriophage,/wiki/Bacteriophage
251,CTXφ,/wiki/CTX%CF%86_Bacteriophage
252,genetic mechanisms,/wiki/Gene_expression
253,chloride,/wiki/Chloride
254,E. coli,/wiki/Escherichia_coli
255,virulence,/wiki/Virulence
256,virulence,/wiki/Virulence
257,when?,/wiki/Wikipedia:Manual_of_Style/Dates_and_numbers#Chronological_items
258,Vibrio cholerae,/wiki/Vibrio_cholerae
259,Amplified fragment length polymorphism,/wiki/Amplified_fragment_length_polymorphism
260,fingerprinting,/wiki/DNA_profiling
261,isolates,/wiki/Genetic_isolate
262,clusters,/wiki/Gene_cluster
263,antibiotic resistance,/wiki/Antibiotic_resistance
264,Bangladesh,/wiki/Bangladesh
265,tetracycline,/wiki/Tetracycline
266,trimethoprim-sulfamethoxazole,/wiki/Trimethoprim-sulfamethoxazole
267,erythromycin,/wiki/Erythromycin
268,assay,/wiki/Assay
269,multi-drug resistant,/wiki/Multiple_drug_resistance
270,dipstick,/wiki/Dipstick
271,epidemic,/wiki/Epidemic
272,patient history,/wiki/Medical_history
273,serogroup,/wiki/Serotype
274,citation needed,/wiki/Wikipedia:Citation_needed
275,No Title,No Link
276,World Health Organization,/wiki/World_Health_Organization
277,WASH § Health aspects,/wiki/WASH#Health_aspects
278,sanitation,/wiki/Sanitation
279,developed countries,/wiki/Developed_countries
280,water treatment,/wiki/Water_treatment
281,developing countries,/wiki/Developing_country
282,"WASH (water, sanitation and hygiene)",/wiki/WASH
283,sanitized,/wiki/Disinfection
284,chlorine,/wiki/Chlorine
285,bleach,/wiki/Bleach
286,Sewage,/wiki/Sewage
287,fecal sludge management,/wiki/Fecal_sludge_management
288,human excreta,/wiki/Human_excreta
289,sanitation,/wiki/Sanitation
290,hygiene,/wiki/Hygiene
291,Open defecation,/wiki/Open_defecation
292,pit latrines,/wiki/Pit_latrine
293,septic tanks,/wiki/Septic_tank
294,sewage treatment,/wiki/Sewage_treatment
295,dry toilets,/wiki/Dry_toilet
296,water pollution,/wiki/Water_pollution
297,flush toilets,/wiki/Flush_toilet
298,decontaminate,/wiki/Decontamination
299,Water purification,/wiki/Water_purification
300,chlorination,/wiki/Water_chlorination
301,solar water disinfection,/wiki/Solar_water_disinfection
302,Cloth filters,/wiki/Cloth_filter
303,Bangladesh,/wiki/Bangladesh
304,Handwashing,/wiki/Hand_washing
305,toilet,/wiki/Toilet
306,No Title,No Link
307,sewage,/wiki/Sewage
308,fecal sludge,/wiki/Fecal_sludge_management
309,Port-au-Prince,/wiki/Port-au-Prince
310,cholera after the Haiti earthquake in 2010,/wiki/2010_Haiti_cholera_outbreak
311,No Title,No Link
312,urine-diverting dry toilet,/wiki/Urine-diverting_dry_toilet
313,Haiti,/wiki/Haiti
314,fecal-oral route,/wiki/Fecal%E2%80%93oral_route
315,water pollution,/wiki/Water_pollution
316,No Title,No Link
317,Cholera hospital,"/wiki/International_Centre_for_Diarrhoeal_Disease_Research,_Bangladesh"
318,Dhaka,/wiki/Dhaka
319,rainy seasons,/wiki/Wet_season
320,Cholera vaccine,/wiki/Cholera_vaccine
321,No Title,No Link
322,Jaume Ferran i Clua,/wiki/Jaume_Ferran_i_Clua
323,Waldemar Haffkine,/wiki/Waldemar_Haffkine
324,British India,/wiki/British_India
325,Dukoral,/wiki/Dukoral
326,whole-cell vaccine,/wiki/Whole-cell_vaccine
327,when?,/wiki/Wikipedia:Manual_of_Style/Dates_and_numbers#Chronological_items
328,Centers for Disease Control and Prevention,/wiki/Centers_for_Disease_Control_and_Prevention
329,US Food and Drug Administration,/wiki/Food_and_Drug_Administration
330,Vaxchora,/wiki/Vaxchora
331,oral attenuated live vaccine,/wiki/Cholera_vaccine#Oral
332,HIV,/wiki/HIV
333,endemic,/wiki/Endemism
334,herd immunity,/wiki/Herd_immunity
335,Cloth filter,/wiki/Cloth_filter
336,No Title,No Link
337,"Matlab, Bangladesh","/wiki/Matlab,_Bangladesh"
338,kalash,/wiki/Kalasha
339,Bangladesh,/wiki/Bangladesh
340,appropriate technology,/wiki/Appropriate_technology
341,sari,/wiki/Sari
342,pathogen,/wiki/Pathogen
343,nylon,/wiki/Nylon
344,No Title,No Link
345,oral rehydration therapy,/wiki/Oral_rehydration_therapy
346,oral rehydration therapy,/wiki/Oral_rehydration_therapy
347,intravenous,/wiki/Intravenous
348,Ringer's lactate,/wiki/Ringer%27s_lactate
349,Bangladesh Liberation War,/wiki/Bangladesh_Liberation_War
350,acidosis,/wiki/Acidosis
351,potassium,/wiki/Potassium
352,Antibiotic,/wiki/Antibiotic
353,Doxycycline,/wiki/Doxycycline
354,strains,/wiki/Strain_(biology)
355,resistance,/wiki/Antibiotic_resistance
356,cotrimoxazole,/wiki/Cotrimoxazole
357,erythromycin,/wiki/Erythromycin
358,tetracycline,/wiki/Tetracycline
359,chloramphenicol,/wiki/Chloramphenicol
360,furazolidone,/wiki/Furazolidone
361,Fluoroquinolones,/wiki/Fluoroquinolone
362,ciprofloxacin,/wiki/Ciprofloxacin
363,Azithromycin,/wiki/Azithromycin
364,tetracycline,/wiki/Tetracycline
365,doxycycline,/wiki/Doxycycline
366,ciprofloxacin,/wiki/Ciprofloxacin
367,zinc,/wiki/Zinc
368,2010 epidemic in Haiti,/wiki/2010_Haiti_cholera_outbreak
369,epidemic,/wiki/Epidemic
370,2010s Haiti cholera outbreak,/wiki/2010s_Haiti_cholera_outbreak
371,2016–2022 Yemen cholera outbreak,/wiki/2016%E2%80%932022_Yemen_cholera_outbreak
372,outbreak of cholera,/wiki/2017_Yemen_cholera_outbreak
373,Yemen,/wiki/Yemen
374,WHO,/wiki/WHO
375,Yemen,/wiki/Yemen
376,feces,/wiki/Feces
377,reservoir,/wiki/Natural_reservoir
378,Americas,/wiki/Americas
379,2010s Haiti cholera outbreak,/wiki/2010s_Haiti_cholera_outbreak
380,2018–2023 Haitian crisis,/wiki/2018%E2%80%932023_Haitian_crisis
381,Cholera outbreaks and pandemics,/wiki/Cholera_outbreaks_and_pandemics
382,No Title,No Link
383,Palermo,/wiki/Palermo
384,No Title,No Link
385,2008–2009 cholera outbreak,/wiki/Zimbabwean_cholera_outbreak
386,sub-Saharan Africa,/wiki/Sub-Saharan_Africa
387,Greek,/wiki/Greek_language
388,Indian subcontinent,/wiki/Indian_subcontinent
389,Jakob de Bondt's,/wiki/Jacobus_Bontius
390,still water,/wiki/Stagnant_water
391,trade routes,/wiki/Trade_route
392,Russia,/wiki/Russia
393,Europe,/wiki/Europe
394,North America,/wiki/North_America
395,cholera pandemics,/wiki/Cholera_pandemic
396,pandemic,/wiki/Pandemic
397,Indonesia,/wiki/Indonesia
398,first cholera pandemic,/wiki/First_cholera_pandemic
399,second pandemic,/wiki/Second_cholera_pandemic
400,third pandemic,/wiki/Third_cholera_pandemic
401,"Quebec, Canada","/wiki/Quebec,_Canada"
402,fourth pandemic,/wiki/Fourth_cholera_pandemic
403,"New Orleans, Louisiana","/wiki/New_Orleans,_Louisiana"
404,fifth,/wiki/Fifth_cholera_pandemic
405,sixth pandemic,/wiki/Sixth_cholera_pandemic
406,seventh pandemic,/wiki/Seventh_cholera_pandemic
407,Russia,/wiki/Russian_Empire
408,reportable disease,/wiki/Reportable_disease
409,John Snow,/wiki/John_Snow_(physician)
410,England,/wiki/England
411,filtering,/wiki/Water_filtration
412,chlorination,/wiki/Water_chlorination
413,developing countries,/wiki/Developing_countries
414,quarantine,/wiki/Quarantine
415,miasma theory,/wiki/Miasma_theory
416,cholera belts,/wiki/Cholera_belt
417,camphor,/wiki/Camphor
418,Hahnemann,/wiki/Samuel_Hahnemann
419,Elecampane,/wiki/Elecampane
420,Erie Canal,/wiki/Erie_Canal
421,Eastern Seaboard,/wiki/East_Coast_of_the_United_States
422,gastroenteritis,/wiki/Gastroenteritis
423,No Title,No Link
424,Drawing,/wiki/Drawing
425,Death,/wiki/Death_(personification)
426,Le Petit Journal,/wiki/Le_Petit_Journal_(newspaper)
427,No Title,No Link
428,Pedro II of Brazil,/wiki/Pedro_II_of_Brazil
429,No Title,No Link
430,New York City Board of Health,/wiki/Metropolitan_Board_of_Health
431,Cholera vaccine,/wiki/Cholera_vaccine
432,No Title,No Link
433,Robert Koch,/wiki/Robert_Koch
434,Egypt,/wiki/Egypt
435,No Title,No Link
436,Aberystwyth,/wiki/Aberystwyth
437,John Snow,/wiki/John_Snow_(physician)
438,sewage,/wiki/Sewage
439,major epidemics in London in 1854,/wiki/1854_Broad_Street_cholera_outbreak
440,Filippo Pacini,/wiki/Filippo_Pacini
441,Catalan,/wiki/Catalonia
442,Robert Koch,/wiki/Robert_Koch
443,Hemendra Nath Chatterjee,/wiki/Hemendra_Nath_Chatterjee
444,oral rehydration salt,/wiki/Oral_rehydration_salt
445,diarrhea,/wiki/Diarrhea
446,The Lancet,/wiki/The_Lancet
447,promethazine,/wiki/Promethazine
448,vomiting,/wiki/Vomiting
449,sodium chloride,/wiki/Sodium_chloride
450,glucose,/wiki/Glucose
451,water,/wiki/Water
452,No Title,No Link
453,Sambhu Nath De,/wiki/Sambhu_Nath_De
454,cholera toxin,/wiki/Cholera_toxin
455,Indian,/wiki/Indian_people
456,Sambhu Nath De,/wiki/Sambhu_Nath_De
457,cholera toxin,/wiki/Cholera_toxin
458,animal model,/wiki/Animal_model
459,Robert Allan Phillips,/wiki/Robert_Allan_Phillips
460,Naval Medical Research Unit Two,/wiki/Naval_Medical_Research_Unit_Two
461,Lasker Foundation,/wiki/Lasker_Foundation
462,International Centre for Diarrhoeal Disease,"/wiki/International_Centre_for_Diarrhoeal_Disease_Research,_Bangladesh"
463,"Dhaka, Bangladesh","/wiki/Dhaka,_Bangladesh"
464,genes,/wiki/Gene
465,amino acids,/wiki/Amino_acid
466,iron,/wiki/Iron
467,2010s Haiti cholera outbreak,/wiki/2010s_Haiti_cholera_outbreak
468,Zimbabwean cholera outbreak,/wiki/Zimbabwean_cholera_outbreak
469,James Baker Institute,/wiki/James_Baker_Institute
470,Rita R. Colwell,/wiki/Rita_R._Colwell
471,James Baker Institute,/wiki/James_Baker_Institute
472,Zimbabwean cholera outbreak,/wiki/Zimbabwean_cholera_outbreak
473,cholera riots,/wiki/Cholera_riots
474,Tchaikovsky,/wiki/Pyotr_Ilyich_Tchaikovsky
475,David Brown,/wiki/David_Brown_(musicologist)
476,Anthony Holden,/wiki/Anthony_Holden
477,2010s Haiti cholera outbreak,/wiki/2010s_Haiti_cholera_outbreak
478,outbreak swept over Haiti,/wiki/2010_Haiti_cholera_outbreak
479,United Nations,/wiki/United_Nations
480,peacekeepers,/wiki/Peacekeeping
481,Nepal,/wiki/Nepal
482,Adam Mickiewicz,/wiki/Adam_Mickiewicz
483,Sadi Carnot,/wiki/Nicolas_L%C3%A9onard_Sadi_Carnot
484,Charles X,/wiki/Charles_X_of_France
485,King of France,/wiki/List_of_French_monarchs
486,James K. Polk,/wiki/James_K._Polk
487,president of the United States,/wiki/President_of_the_United_States
488,Carl von Clausewitz,/wiki/Carl_von_Clausewitz
489,Prussian,/wiki/Prussia
490,military theorist,/wiki/Military_theory
491,Elliot Bovill,/wiki/Elliot_Bovill
492,Chief Justice of the Straits Settlements,/wiki/Chief_Justice_of_Singapore
493,Nikola Tesla,/wiki/Nikola_Tesla
494,Serbian-American,/wiki/Serbian-American
495,inventor,/wiki/Inventor
496,engineer,/wiki/Engineer
497,futurist,/wiki/Futurist
498,alternating current,/wiki/Alternating_current
499,electricity supply,/wiki/Electricity_supply
500,tuberculosis,/wiki/Tuberculosis
501,demimonde,/wiki/Demimondaine
502,Mastro-don Gesualdo,/wiki/Mastro-don_Gesualdo
503,Giovanni Verga,/wiki/Giovanni_Verga
504,Sicily,/wiki/Sicily
505,Thomas Mann,/wiki/Thomas_Mann
506,novella,/wiki/Novella
507,Death in Venice,/wiki/Death_in_Venice
508,Luchino Visconti,/wiki/Luchino_Visconti
509,1971 film version,/wiki/Death_in_Venice_(film)
510,made into an opera,/wiki/Death_in_Venice_(opera)
511,Benjamin Britten,/wiki/Benjamin_Britten
512,John Neumeier,/wiki/John_Neumeier
513,Hamburg Ballet,/wiki/Hamburg_Ballet
514,The Horseman on the Roof,/wiki/The_Horseman_on_the_Roof_(novel)
515,Jean Giono,/wiki/Jean_Giono
516,carbonaro,/wiki/Carbonari
517,hussars,/wiki/Hussars
518,1832 cholera epidemic,/wiki/1826%E2%80%931837_cholera_pandemic
519,Provence,/wiki/Provence
520,a film of the same name,/wiki/The_Horseman_on_the_Roof
521,Jean-Paul Rappeneau,/wiki/Jean-Paul_Rappeneau
522,Gabriel Garcia Márquez,/wiki/Gabriel_Garcia_M%C3%A1rquez
523,Love in the Time of Cholera,/wiki/Love_in_the_Time_of_Cholera
524,film of the same name,/wiki/Love_in_the_Time_of_Cholera_(film)
525,Mike Newell,/wiki/Mike_Newell_(director)
526,Vibrio cholerae,/wiki/Vibrio_cholerae
527,Kolkata,/wiki/Kolkata
528,India,/wiki/India
529,West Bengal,/wiki/West_Bengal
530,Ganges delta,/wiki/Ganges_delta
531,endemic,/wiki/Endemism
532,dry seasons,/wiki/Dry_season
533,rainy seasons,/wiki/Wet_season
534,Goma,/wiki/Goma
535,disease ecology,/wiki/Disease_ecology
536,CDC,/wiki/Centers_for_Disease_Control_and_Prevention
537,PMID,/wiki/PMID_(identifier)
538,Centers for Disease Control and Prevention,/wiki/Centers_for_Disease_Control_and_Prevention
539,ISBN,/wiki/ISBN_(identifier)
540,978-0-9631172-1-2,/wiki/Special:BookSources/978-0-9631172-1-2
541,PMID,/wiki/PMID_(identifier)
542,doi,/wiki/Doi_(identifier)
543,PMC,/wiki/PMC_(identifier)
544,PMID,/wiki/PMID_(identifier)
545,Centers for Disease Control and Prevention,/wiki/Centers_for_Disease_Control_and_Prevention
546,doi,/wiki/Doi_(identifier)
547,PMC,/wiki/PMC_(identifier)
548,PMID,/wiki/PMID_(identifier)
549,ISBN,/wiki/ISBN_(identifier)
550,978-1-4358-9437-2,/wiki/Special:BookSources/978-1-4358-9437-2
551,Centers for Disease Control and Prevention,/wiki/Centers_for_Disease_Control_and_Prevention
552,Centers for Disease Control and Prevention,/wiki/Centers_for_Disease_Control_and_Prevention
553,doi,/wiki/Doi_(identifier)
554,PMC,/wiki/PMC_(identifier)
555,PMID,/wiki/PMID_(identifier)
556,Centers for Disease Control and Prevention,/wiki/Centers_for_Disease_Control_and_Prevention
557,ISBN,/wiki/ISBN_(identifier)
558,978-0-226-72676-2,/wiki/Special:BookSources/978-0-226-72676-2
559,ISBN,/wiki/ISBN_(identifier)
560,978-0-7637-0060-7,/wiki/Special:BookSources/978-0-7637-0060-7
561,doi,/wiki/Doi_(identifier)
562,PMID,/wiki/PMID_(identifier)
563,S2CID,/wiki/S2CID_(identifier)
564,doi,/wiki/Doi_(identifier)
565,PMC,/wiki/PMC_(identifier)
566,PMID,/wiki/PMID_(identifier)
567,Bibcode,/wiki/Bibcode_(identifier)
568,doi,/wiki/Doi_(identifier)
569,hdl,/wiki/Hdl_(identifier)
570,PMID,/wiki/PMID_(identifier)
571,S2CID,/wiki/S2CID_(identifier)
572,doi,/wiki/Doi_(identifier)
573,PMC,/wiki/PMC_(identifier)
574,ISBN,/wiki/ISBN_(identifier)
575,978-0-8133-4384-6,/wiki/Special:BookSources/978-0-8133-4384-6
576,Rita Colwell,/wiki/Rita_Colwell
577,ISBN,/wiki/ISBN_(identifier)
578,978-0-8385-8529-0,/wiki/Special:BookSources/978-0-8385-8529-0
579,doi,/wiki/Doi_(identifier)
580,PMC,/wiki/PMC_(identifier)
581,PMID,/wiki/PMID_(identifier)
582,doi,/wiki/Doi_(identifier)
583,PMC,/wiki/PMC_(identifier)
584,PMID,/wiki/PMID_(identifier)
585,doi,/wiki/Doi_(identifier)
586,PMC,/wiki/PMC_(identifier)
587,Wayback Machine,/wiki/Wayback_Machine
588,doi,/wiki/Doi_(identifier)
589,ISBN,/wiki/ISBN_(identifier)
590,978-0-470-51488-7,/wiki/Special:BookSources/978-0-470-51488-7
591,PMID,/wiki/PMID_(identifier)
592,doi,/wiki/Doi_(identifier)
593,PMC,/wiki/PMC_(identifier)
594,PMID,/wiki/PMID_(identifier)
595,doi,/wiki/Doi_(identifier)
596,PMC,/wiki/PMC_(identifier)
597,PMID,/wiki/PMID_(identifier)
598,Bibcode,/wiki/Bibcode_(identifier)
599,doi,/wiki/Doi_(identifier)
600,PMID,/wiki/PMID_(identifier)
601,S2CID,/wiki/S2CID_(identifier)
602,Bibcode,/wiki/Bibcode_(identifier)
603,doi,/wiki/Doi_(identifier)
604,PMC,/wiki/PMC_(identifier)
605,PMID,/wiki/PMID_(identifier)
606,Wayback Machine,/wiki/Wayback_Machine
607,doi,/wiki/Doi_(identifier)
608,PMID,/wiki/PMID_(identifier)
609,unreliable medical source?,/wiki/Wikipedia:Identifying_reliable_sources_(medicine)
610,doi,/wiki/Doi_(identifier)
611,PMC,/wiki/PMC_(identifier)
612,PMID,/wiki/PMID_(identifier)
613,doi,/wiki/Doi_(identifier)
614,PMID,/wiki/PMID_(identifier)
615,S2CID,/wiki/S2CID_(identifier)
616,ISBN,/wiki/ISBN_(identifier)
617,978-1-904455-18-9,/wiki/Special:BookSources/978-1-904455-18-9
618,ISBN,/wiki/ISBN_(identifier)
619,978-1-904455-33-2,/wiki/Special:BookSources/978-1-904455-33-2
620,Centers for Disease Control and Prevention,/wiki/Centers_for_Disease_Control_and_Prevention
621,The Washington Post,/wiki/The_Washington_Post
622,Moltke,/wiki/SMS_Moltke_(1877)
623,Swinburne Island,/wiki/Swinburne_Island
624,ISBN,/wiki/ISBN_(identifier)
625,978-0-203-88162-0,/wiki/Special:BookSources/978-0-203-88162-0
626,ISBN,/wiki/ISBN_(identifier)
627,978-94-009-1515-2,/wiki/Special:BookSources/978-94-009-1515-2
628,ISBN,/wiki/ISBN_(identifier)
629,978-1-118-78699-4,/wiki/Special:BookSources/978-1-118-78699-4
630,World Health Organization,/wiki/World_Health_Organization
631,cite web,/wiki/Template:Cite_web
632,link,/wiki/Category:CS1_maint:_unfit_URL
633,doi,/wiki/Doi_(identifier)
634,PMID,/wiki/PMID_(identifier)
635,JSTOR,/wiki/JSTOR_(identifier)
636,PMID,/wiki/PMID_(identifier)
637,doi,/wiki/Doi_(identifier)
638,PMID,/wiki/PMID_(identifier)
639,S2CID,/wiki/S2CID_(identifier)
640,doi,/wiki/Doi_(identifier)
641,ISSN,/wiki/ISSN_(identifier)
642,PMC,/wiki/PMC_(identifier)
643,PMID,/wiki/PMID_(identifier)
644,Wayback Machine,/wiki/Wayback_Machine
645,doi,/wiki/Doi_(identifier)
646,PMC,/wiki/PMC_(identifier)
647,PMID,/wiki/PMID_(identifier)
648,doi,/wiki/Doi_(identifier)
649,PMC,/wiki/PMC_(identifier)
650,PMID,/wiki/PMID_(identifier)
651,doi,/wiki/Doi_(identifier)
652,doi,/wiki/Doi_(identifier)
653,PMC,/wiki/PMC_(identifier)
654,PMID,/wiki/PMID_(identifier)
655,doi,/wiki/Doi_(identifier)
656,PMID,/wiki/PMID_(identifier)
657,ISBN,/wiki/ISBN_(identifier)
658,978-1-60327-265-0,/wiki/Special:BookSources/978-1-60327-265-0
659,ISBN,/wiki/ISBN_(identifier)
660,978-0-7637-6622-1,/wiki/Special:BookSources/978-0-7637-6622-1
661,ISBN,/wiki/ISBN_(identifier)
662,978-1-111-79701-0,/wiki/Special:BookSources/978-1-111-79701-0
663,hdl,/wiki/Hdl_(identifier)
664,ISBN,/wiki/ISBN_(identifier)
665,978-92-4-159318-2,/wiki/Special:BookSources/978-92-4-159318-2
666,Centers for Disease Control and Prevention,/wiki/Centers_for_Disease_Control_and_Prevention
667,Wayback Machine,/wiki/Wayback_Machine
668,doi,/wiki/Doi_(identifier)
669,PMID,/wiki/PMID_(identifier)
670,doi,/wiki/Doi_(identifier)
671,PMC,/wiki/PMC_(identifier)
672,PMID,/wiki/PMID_(identifier)
673,doi,/wiki/Doi_(identifier)
674,PMC,/wiki/PMC_(identifier)
675,PMID,/wiki/PMID_(identifier)
676,doi,/wiki/Doi_(identifier)
677,PMC,/wiki/PMC_(identifier)
678,PMID,/wiki/PMID_(identifier)
679,doi,/wiki/Doi_(identifier)
680,hdl,/wiki/Hdl_(identifier)
681,PMC,/wiki/PMC_(identifier)
682,PMID,/wiki/PMID_(identifier)
683,S2CID,/wiki/S2CID_(identifier)
684,doi,/wiki/Doi_(identifier)
685,PMID,/wiki/PMID_(identifier)
686,ISBN,/wiki/ISBN_(identifier)
687,978-92-4-002916-3,/wiki/Special:BookSources/978-92-4-002916-3
688,doi,/wiki/Doi_(identifier)
689,PMID,/wiki/PMID_(identifier)
690,ISBN,/wiki/ISBN_(identifier)
691,978-0-226-72677-9,/wiki/Special:BookSources/978-0-226-72677-9
692,Wayback Machine,/wiki/Wayback_Machine
693,ABC-CLIO,/wiki/ABC-CLIO
694,ISBN,/wiki/ISBN_(identifier)
695,978-1-85109-658-9,/wiki/Special:BookSources/978-1-85109-658-9
696,ISBN,/wiki/ISBN_(identifier)
697,978-0-7425-5705-5,/wiki/Special:BookSources/978-0-7425-5705-5
698,doi,/wiki/Doi_(identifier)
699,S2CID,/wiki/S2CID_(identifier)
700,Kelley Lee,/wiki/Kelley_Lee
701,ISBN,/wiki/ISBN_(identifier)
702,0-333-80254-3,/wiki/Special:BookSources/0-333-80254-3
703,ISBN,/wiki/ISBN_(identifier)
704,0-674-00473-6,/wiki/Special:BookSources/0-674-00473-6
705,ISBN,/wiki/ISBN_(identifier)
706,978-0-313-34102-1,/wiki/Special:BookSources/978-0-313-34102-1
707,ISBN,/wiki/ISBN_(identifier)
708,1-85109-658-2,/wiki/Special:BookSources/1-85109-658-2
709,doi,/wiki/Doi_(identifier)
710,PMID,/wiki/PMID_(identifier)
711,doi,/wiki/Doi_(identifier)
712,PMC,/wiki/PMC_(identifier)
713,PMID,/wiki/PMID_(identifier)
714,Wayback Machine,/wiki/Wayback_Machine
715,Wayback Machine,/wiki/Wayback_Machine
716,doi,/wiki/Doi_(identifier)
717,PMID,/wiki/PMID_(identifier)
718,doi,/wiki/Doi_(identifier)
719,PMID,/wiki/PMID_(identifier)
720,S2CID,/wiki/S2CID_(identifier)
721,Wayback Machine,/wiki/Wayback_Machine
722,Real Academia de la Historia,/wiki/Real_Academia_de_la_Historia
723,Col·legi Oficial de Metges de Barcelona,https://ca.wikipedia.org/wiki/Col%C2%B7legi_Oficial_de_Metges_de_Barcelona
724,ISBN,/wiki/ISBN_(identifier)
725,978-1-4422-0796-7,/wiki/Special:BookSources/978-1-4422-0796-7
726,doi,/wiki/Doi_(identifier)
727,PMC,/wiki/PMC_(identifier)
728,PMID,/wiki/PMID_(identifier)
729,doi,/wiki/Doi_(identifier)
730,PMID,/wiki/PMID_(identifier)
731,Bibcode,/wiki/Bibcode_(identifier)
732,doi,/wiki/Doi_(identifier)
733,PMC,/wiki/PMC_(identifier)
734,PMID,/wiki/PMID_(identifier)
735,doi,/wiki/Doi_(identifier)
736,PMID,/wiki/PMID_(identifier)
737,doi,/wiki/Doi_(identifier)
738,PMID,/wiki/PMID_(identifier)
739,S2CID,/wiki/S2CID_(identifier)
740,doi,/wiki/Doi_(identifier)
741,PMID,/wiki/PMID_(identifier)
742,S2CID,/wiki/S2CID_(identifier)
743,CiteSeerX,/wiki/CiteSeerX_(identifier)
744,PMID,/wiki/PMID_(identifier)
745,JSTOR,/wiki/JSTOR_(identifier)
746,PMID,/wiki/PMID_(identifier)
747,doi,/wiki/Doi_(identifier)
748,PMID,/wiki/PMID_(identifier)
749,doi,/wiki/Doi_(identifier)
750,doi,/wiki/Doi_(identifier)
751,PMID,/wiki/PMID_(identifier)
752,S2CID,/wiki/S2CID_(identifier)
753,doi,/wiki/Doi_(identifier)
754,PMC,/wiki/PMC_(identifier)
755,PMID,/wiki/PMID_(identifier)
756,ISBN,/wiki/ISBN_(identifier)
757,978-0-673-99001-3,/wiki/Special:BookSources/978-0-673-99001-3
758,Sontag Susan,/wiki/Susan_Sontag
759,Illness as Metaphor,/wiki/Illness_as_Metaphor
760,AIDS and Its Metaphors,/wiki/AIDS_and_Its_Metaphors
761,ISBN,/wiki/ISBN_(identifier)
762,0-312-42013-7,/wiki/Special:BookSources/0-312-42013-7
763,ISBN,/wiki/ISBN_(identifier)
764,978-0-300-19221-6,/wiki/Special:BookSources/978-0-300-19221-6
765,doi,/wiki/Doi_(identifier)
766,PMC,/wiki/PMC_(identifier)
767,PMID,/wiki/PMID_(identifier)
768,doi,/wiki/Doi_(identifier)
769,PMC,/wiki/PMC_(identifier)
770,PMID,/wiki/PMID_(identifier)
771,cite journal,/wiki/Template:Cite_journal
772,help,/wiki/Help:CS1_errors#missing_periodical
773,doi,/wiki/Doi_(identifier)
774,PMC,/wiki/PMC_(identifier)
775,PMID,/wiki/PMID_(identifier)
776,doi,/wiki/Doi_(identifier)
777,PMC,/wiki/PMC_(identifier)
778,PMID,/wiki/PMID_(identifier)
779,doi,/wiki/Doi_(identifier)
780,JSTOR,/wiki/JSTOR_(identifier)
781,PMID,/wiki/PMID_(identifier)
782,doi,/wiki/Doi_(identifier)
783,JSTOR,/wiki/JSTOR_(identifier)
784,PMID,/wiki/PMID_(identifier)
785,PMC,/wiki/PMC_(identifier)
786,PMID,/wiki/PMID_(identifier)
787,doi,/wiki/Doi_(identifier)
788,JSTOR,/wiki/JSTOR_(identifier)
789,PMID,/wiki/PMID_(identifier)
790,ISBN,/wiki/ISBN_(identifier)
791,978-0-521-18820-3,/wiki/Special:BookSources/978-0-521-18820-3
792,doi,/wiki/Doi_(identifier)
793,JSTOR,/wiki/JSTOR_(identifier)
794,PMID,/wiki/PMID_(identifier)
795,ISBN,/wiki/ISBN_(identifier)
796,978-0-14-303636-4,/wiki/Special:BookSources/978-0-14-303636-4
797,doi,/wiki/Doi_(identifier)
798,S2CID,/wiki/S2CID_(identifier)
799,doi,/wiki/Doi_(identifier)
800,S2CID,/wiki/S2CID_(identifier)
801,doi,/wiki/Doi_(identifier)
802,PMC,/wiki/PMC_(identifier)
803,PMID,/wiki/PMID_(identifier)
804,ISBN,/wiki/ISBN_(identifier)
805,978-0-7864-7242-0,/wiki/Special:BookSources/978-0-7864-7242-0
806,doi,/wiki/Doi_(identifier)
807,PMC,/wiki/PMC_(identifier)
808,PMID,/wiki/PMID_(identifier)
809,doi,/wiki/Doi_(identifier)
810,JSTOR,/wiki/JSTOR_(identifier)
811,PMID,/wiki/PMID_(identifier)
812,S2CID,/wiki/S2CID_(identifier)
813,INIST,/wiki/Institut_de_l%27information_scientifique_et_technique
814,Project MUSE,/wiki/Project_MUSE_(identifier)
815,"Rosenberg, Charles E.",/wiki/Charles_E._Rosenberg
816,ISBN,/wiki/ISBN_(identifier)
817,978-0-226-72677-9,/wiki/Special:BookSources/978-0-226-72677-9
818,doi,/wiki/Doi_(identifier)
819,JSTOR,/wiki/JSTOR_(identifier)
820,Cholera,https://commons.wikimedia.org/wiki/Category:Cholera
821,Cholera,https://en.wiktionary.org/wiki/Cholera
822,World Health Organization,/wiki/World_Health_Organization
823,Centers for Disease Control and Prevention,/wiki/Centers_for_Disease_Control_and_Prevention
824,"""Cholera"" ",https://en.wikisource.org/wiki/1911_Encyclop%C3%A6dia_Britannica/Cholera
825,Encyclopædia Britannica,/wiki/Encyclop%C3%A6dia_Britannica_Eleventh_Edition
826,D,https://www.wikidata.org/wiki/Q12090
827,ICD,/wiki/International_Statistical_Classification_of_Diseases_and_Related_Health_Problems
828,11,/wiki/ICD-11
829,ICD,/wiki/International_Statistical_Classification_of_Diseases_and_Related_Health_Problems
830,10,/wiki/ICD-10
831,ICD,/wiki/International_Statistical_Classification_of_Diseases_and_Related_Health_Problems
832,9-CM,/wiki/List_of_ICD-9_codes
833,MeSH,/wiki/Medical_Subject_Headings
834,DiseasesDB,/wiki/Diseases_Database
835,MedlinePlus,/wiki/MedlinePlus
836,eMedicine,/wiki/EMedicine
837,Patient UK,/wiki/Patient_UK
838,Orphanet,/wiki/Orphanet
839,v,/wiki/Template:Cholera
840,t,/wiki/Template_talk:Cholera
841,e,/wiki/Special:EditPage/Template:Cholera
842,Vibrio cholerae,/wiki/Vibrio_cholerae
843,El Tor,/wiki/El_Tor
844,Oral rehydration therapy,/wiki/Oral_rehydration_therapy
845,Vaccine,/wiki/Cholera_vaccine
846,Tetracycline,/wiki/Tetracycline
847,Cotrimoxazole,/wiki/Cotrimoxazole
848,Erythromycin,/wiki/Erythromycin
849,Doxycycline,/wiki/Doxycycline
850,Chloramphenicol,/wiki/Chloramphenicol
851,Furazolidone,/wiki/Furazolidone
852,Virstatin,/wiki/Virstatin
853,Norfloxacin,/wiki/Norfloxacin
854,1817–1824,/wiki/1817%E2%80%931824_cholera_pandemic
855,1826–1837,/wiki/1826%E2%80%931837_cholera_pandemic
856,1846–1860,/wiki/1846%E2%80%931860_cholera_pandemic
857,1863–1875,/wiki/1863%E2%80%931875_cholera_pandemic
858,1881–1896,/wiki/1881%E2%80%931896_cholera_pandemic
859,1899–1923,/wiki/1899%E2%80%931923_cholera_pandemic
860,1961–present,/wiki/Seventh_cholera_pandemic
861,1832 (Lord Wellington),/wiki/Lord_Wellington_(1811_Quebec_ship)
862, 1832 (Sligo),/wiki/1832_Sligo_cholera_outbreak
863,1833 (Lexington),"/wiki/Cholera_epidemic_in_Lexington,_Kentucky"
864,1849-1850 (Tennessee),/wiki/Tennessee_cholera_epidemic_(1849%E2%80%931850)
865,1853 (Copenhagen),/wiki/1853_Copenhagen_cholera_outbreak
866,1853 (Stockholm),/wiki/1853_Stockholm_cholera_outbreak
867,1854 (Broad Street),/wiki/1854_Broad_Street_cholera_outbreak
868,1913 (Romanian Army),/wiki/1913_Romanian_Army_cholera_outbreak
869,1992 (Aerolíneas Argentinas),/wiki/Aerol%C3%ADneas_Argentinas_Flight_386
870,2007 (Iraq),/wiki/2007_Iraq_cholera_outbreak
871,2008 (Zimbabwe),/wiki/2008_Zimbabwean_cholera_outbreak
872,2009 (Papua New Guinea),/wiki/2009_Papua_New_Guinea_cholera_outbreak
873,2010s (Haiti),/wiki/2010s_Haiti_cholera_outbreak
874,2012 (Sierra Leone),/wiki/2012_Sierra_Leonean_cholera_outbreak
875,2014–2015 (Africa),/wiki/2014%E2%80%932015_African_cholera_outbreak
876,2016–2022 (Yemen),/wiki/2016%E2%80%932022_Yemen_cholera_outbreak
877,2018–2019 (Zimbabwe),/wiki/2018%E2%80%932019_Zimbabwe_cholera_outbreak
878,2020 (Bengaluru),/wiki/2020_cholera_outbreak_in_Bengaluru
879,2022 (Lebanon),/wiki/2022_cholera_outbreak_in_Lebanon
880,2022–2024 (Southern Africa),/wiki/2022%E2%80%932024_Southern_Africa_cholera_outbreak
881,2023 (South Africa),/wiki/2023_cholera_outbreak_in_South_Africa
882,2023 (Zimbabwe),/wiki/2023_Zimbabwe_cholera_outbreak
883,2023–2024 (Zambia),/wiki/2023%E2%80%932024_Zambian_cholera_outbreak
884,History,/wiki/History_of_cholera
885,Chicago cholera myth,/wiki/Chicago_1885_cholera_epidemic_myth
886,Cholera belt,/wiki/Cholera_belt
887,Cholera Hospital,/wiki/Cholera_Hospital
888,Cholera pit,/wiki/Cholera_pit
889,Cholera riots,/wiki/Cholera_riots
890,Gaspard Goyrand,/wiki/Gaspard_Goyrand
891,Waldemar Haffkine,/wiki/Waldemar_Haffkine
892,George Johnson,/wiki/George_Johnson_(physician)
893,Robert Koch,/wiki/Robert_Koch
894,Filippo Pacini,/wiki/Filippo_Pacini
895,John Snow,/wiki/John_Snow
896,Henry Whitehead,/wiki/Henry_Whitehead_(priest)
897,Broad Street Pump,/wiki/Broad_Street_Pump
898,Cefn Golau,/wiki/Cefn_Golau
899,Cholera Monument Grounds and Clay Wood,/wiki/Cholera_Monument_Grounds_and_Clay_Wood
900,Duffy's Cut,/wiki/Duffy%27s_Cut
901,Mastro-don Gesualdo,/wiki/Mastro-don_Gesualdo
902,Memories and Vagaries,/wiki/Memories_and_Vagaries
903,Death in Venice,/wiki/Death_in_Venice
904,film,/wiki/Death_in_Venice_(film)
905,opera,/wiki/Death_in_Venice_(opera)
906,The Painted Veil,/wiki/The_Painted_Veil_(novel)
907,1934 film,/wiki/The_Painted_Veil_(1934_film)
908,2006 film,/wiki/The_Painted_Veil_(2006_film)
909,The Seventh Sin,/wiki/The_Seventh_Sin
910,Love in the Time of Cholera,/wiki/Love_in_the_Time_of_Cholera
911,film,/wiki/Love_in_the_Time_of_Cholera_(film)
912,The Horseman on the Roof,/wiki/The_Horseman_on_the_Roof
913,Contagious,/wiki/Contagious_(film)
914,The Ghost Map,/wiki/The_Ghost_Map
915,v,/wiki/Template:Diseases_of_poverty
916,t,/wiki/Template_talk:Diseases_of_poverty
917,e,/wiki/Special:EditPage/Template:Diseases_of_poverty
918,Diseases of poverty,/wiki/Diseases_of_poverty
919,Diseases of poverty,/wiki/Diseases_of_poverty
920,AIDS,/wiki/HIV/AIDS
921,Malaria,/wiki/Malaria
922,Tuberculosis,/wiki/Tuberculosis
923,Measles,/wiki/Measles
924,Pneumonia,/wiki/Pneumonia
925,Diarrheal diseases,/wiki/Diarrhea
926,Plague,/wiki/Plague_(disease)
927,Neglected diseases,/wiki/Neglected_tropical_diseases
928,Chagas disease,/wiki/Chagas_disease
929,African sleeping sickness,/wiki/African_trypanosomiasis
930,Schistosomiasis,/wiki/Schistosomiasis
931,Dracunculiasis,/wiki/Dracunculiasis
932,River blindness,/wiki/Onchocerciasis
933,Leishmaniasis,/wiki/Visceral_leishmaniasis
934,Trachoma,/wiki/Trachoma
935,Malnutrition,/wiki/Malnutrition
936,Priority review voucher,/wiki/Priority_review
937,v,/wiki/Template:Gram-negative_proteobacterial_diseases
938,t,/wiki/Template_talk:Gram-negative_proteobacterial_diseases
939,e,/wiki/Special:EditPage/Template:Gram-negative_proteobacterial_diseases
940,Pseudomonadota,/wiki/Pseudomonadota
941,Gram-negative bacterial infections,/wiki/Gram-negative_bacterial_infection
942,α,/wiki/Alphaproteobacteria
943,Rickettsiales,/wiki/Rickettsiales
944,Rickettsiaceae,/wiki/Rickettsiaceae
945,Rickettsioses,/wiki/Rickettsiosis
946,Typhus,/wiki/Typhus
947,Rickettsia typhi,/wiki/Rickettsia_typhi
948,Murine typhus,/wiki/Murine_typhus
949,Rickettsia prowazekii,/wiki/Rickettsia_prowazekii
950,Epidemic typhus,/wiki/Epidemic_typhus
951,Brill–Zinsser disease,/wiki/Brill%E2%80%93Zinsser_disease
952,Flying squirrel typhus,/wiki/Flying_squirrel_typhus
953,Spottedfever,/wiki/Spotted_fever
954,Tick-borne,/wiki/Tick-borne_disease
955,Rickettsia rickettsii,/wiki/Rickettsia_rickettsii
956,Rocky Mountain spotted fever,/wiki/Rocky_Mountain_spotted_fever
957,Rickettsia conorii,/wiki/Rickettsia_conorii
958,Boutonneuse fever,/wiki/Boutonneuse_fever
959,Rickettsia japonica,/wiki/Rickettsia_japonica
960,Japanese spotted fever,/wiki/Japanese_spotted_fever
961,Rickettsia sibirica,/wiki/Rickettsia_sibirica
962,North Asian tick typhus,/wiki/North_Asian_tick_typhus
963,Rickettsia australis,/wiki/Rickettsia_australis
964,Queensland tick typhus,/wiki/Queensland_tick_typhus
965,Rickettsia honei,/wiki/Rickettsia_honei
966,Flinders Island spotted fever,/wiki/Flinders_Island_spotted_fever
967,Rickettsia africae,/wiki/Rickettsia_africae
968,African tick bite fever,/wiki/African_tick_bite_fever
969,Rickettsia parkeri,/wiki/Rickettsia_parkeri
970,American tick bite fever,/wiki/American_tick_bite_fever
971,Rickettsia aeschlimannii,/wiki/Rickettsia_aeschlimannii
972,Rickettsia aeschlimannii infection,/wiki/Rickettsia_aeschlimannii_infection
973,Mite-borne,/wiki/Mite#Clinical_significance
974,Rickettsia akari,/wiki/Rickettsia_akari
975,Rickettsialpox,/wiki/Rickettsialpox
976,Orientia tsutsugamushi,/wiki/Orientia_tsutsugamushi
977,Scrub typhus,/wiki/Scrub_typhus
978,Flea-borne,/wiki/Flea#Fleas_as_a_vector
979,Rickettsia felis,/wiki/Rickettsia_felis
980,Flea-borne spotted fever,/wiki/Flea-borne_spotted_fever
981,Anaplasmataceae,/wiki/Anaplasmataceae
982,Ehrlichiosis,/wiki/Ehrlichiosis
983,Anaplasma phagocytophilum,/wiki/Anaplasma_phagocytophilum
984,Human granulocytic anaplasmosis,/wiki/Human_granulocytic_anaplasmosis
985,Anaplasmosis,/wiki/Anaplasmosis
986,Ehrlichia chaffeensis,/wiki/Ehrlichia_chaffeensis
987,Human monocytotropic ehrlichiosis,/wiki/Human_monocytotropic_ehrlichiosis
988,Ehrlichia ewingii,/wiki/Ehrlichia_ewingii
989,Ehrlichiosis ewingii infection,/wiki/Ehrlichiosis_ewingii_infection
990,Hyphomicrobiales,/wiki/Hyphomicrobiales
991,Brucellaceae,/wiki/Brucellaceae
992,Brucella abortus,/wiki/Brucella_abortus
993,Brucellosis,/wiki/Brucellosis
994,Bartonellaceae,/wiki/Bartonella
995,Bartonellosis,/wiki/Bartonellosis
996,Bartonella henselae,/wiki/Bartonella_henselae
997,Cat-scratch disease,/wiki/Cat-scratch_disease
998,Bartonella quintana,/wiki/Bartonella_quintana
999,Trench fever,/wiki/Trench_fever
1000,Bacillary angiomatosis,/wiki/Bacillary_angiomatosis
1001,Bartonella bacilliformis,/wiki/Bartonella_bacilliformis
1002,Carrion's disease,/wiki/Carrion%27s_disease
1003,Verruga peruana,/wiki/Verruga_peruana
1004,β,/wiki/Betaproteobacteria
1005,Neisseriales,/wiki/Neisseriaceae
1006,M+,/wiki/Maltose
1007,Neisseria meningitidis/meningococcus,/wiki/Neisseria_meningitidis
1008,Meningococcal disease,/wiki/Meningococcal_disease
1009,Waterhouse–Friderichsen syndrome,/wiki/Waterhouse%E2%80%93Friderichsen_syndrome
1010,Meningococcal septicaemia,/wiki/Meningococcal_septicaemia
1011,M−,/wiki/Maltose
1012,Neisseria gonorrhoeae/gonococcus,/wiki/Neisseria_gonorrhoeae
1013,Gonorrhea,/wiki/Gonorrhea
1014,Eikenella corrodens,/wiki/Eikenella_corrodens
1015,Kingella kingae,/wiki/Kingella_kingae
1016,HACEK,/wiki/HACEK_organisms
1017,Chromobacterium violaceum,/wiki/Chromobacterium_violaceum
1018,Chromobacteriosis infection,/wiki/Chromobacteriosis_infection
1019,Burkholderiales,/wiki/Burkholderiales
1020,Burkholderia pseudomallei,/wiki/Burkholderia_pseudomallei
1021,Melioidosis,/wiki/Melioidosis
1022,Burkholderia mallei,/wiki/Burkholderia_mallei
1023,Glanders,/wiki/Glanders
1024,Burkholderia cepacia complex,/wiki/Burkholderia_cepacia_complex
1025,Bordetella pertussis,/wiki/Bordetella_pertussis
1026,Bordetella parapertussis,/wiki/Bordetella_parapertussis
1027,Pertussis,/wiki/Pertussis
1028,γ,/wiki/Gammaproteobacteria
1029,Enterobacteriales,/wiki/Enterobacteriaceae
1030,OX−,/wiki/Oxidase_test#OX−
1031,Lac+,/wiki/MacConkey_agar#Lac+
1032,Klebsiella pneumoniae,/wiki/Klebsiella_pneumoniae
1033,Rhinoscleroma,/wiki/Rhinoscleroma
1034,Pneumonia,/wiki/Pneumonia
1035,Klebsiella granulomatis,/wiki/Klebsiella_granulomatis
1036,Granuloma inguinale,/wiki/Granuloma_inguinale
1037,Klebsiella oxytoca,/wiki/Klebsiella_oxytoca
1038,Escherichia coli,/wiki/Escherichia_coli
1039,Enterotoxigenic,/wiki/Enterotoxigenic_Escherichia_coli
1040,Enteroinvasive,/wiki/Enteroinvasive_Escherichia_coli
1041,Enterohemorrhagic,/wiki/Verotoxin-producing_Escherichia_coli
1042,O157:H7,/wiki/Escherichia_coli_O157:H7
1043,O104:H4,/wiki/Escherichia_coli_O104:H4
1044,Hemolytic-uremic syndrome,/wiki/Hemolytic-uremic_syndrome
1045,Enterobacter aerogenes,/wiki/Enterobacter_aerogenes
1046,Enterobacter cloacae,/wiki/Enterobacter_cloacae
1047,Slow/weak,/wiki/MacConkey_agar#Slow
1048,Serratia marcescens,/wiki/Serratia_marcescens
1049,Serratia infection,/wiki/Serratia_infection
1050,Citrobacter koseri,/wiki/Citrobacter_koseri
1051,Citrobacter freundii,/wiki/Citrobacter_freundii
1052,Lac−,/wiki/MacConkey_agar#Lac−
1053,H2S+,/wiki/Bismuth_sulfite_agar
1054,Salmonella enterica,/wiki/Salmonella_enterica
1055,Typhoid fever,/wiki/Typhoid_fever
1056,Paratyphoid fever,/wiki/Paratyphoid_fever
1057,Salmonellosis,/wiki/Salmonellosis
1058,Shigella dysenteriae,/wiki/Shigella_dysenteriae
1059,sonnei,/wiki/Shigella_sonnei
1060,flexneri,/wiki/Shigella_flexneri
1061,boydii,/wiki/Shigella_boydii
1062,Shigellosis,/wiki/Shigellosis
1063,Bacillary dysentery,/wiki/Bacillary_dysentery
1064,Proteus mirabilis,/wiki/Proteus_mirabilis
1065,Proteus vulgaris,/wiki/Proteus_vulgaris
1066,Yersinia pestis,/wiki/Yersinia_pestis
1067,Plague,/wiki/Plague_(disease)
1068,Bubonic plague,/wiki/Bubonic_plague
1069,Yersinia enterocolitica,/wiki/Yersinia_enterocolitica
1070,Yersiniosis,/wiki/Yersiniosis
1071,Yersinia pseudotuberculosis,/wiki/Yersinia_pseudotuberculosis
1072,Far East scarlet-like fever,/wiki/Far_East_scarlet-like_fever
1073,Pasteurellales,/wiki/Pasteurellaceae
1074,Haemophilus,/wiki/Haemophilus
1075,H. influenzae,/wiki/Haemophilus_influenzae
1076,Haemophilus meningitis,/wiki/Haemophilus_meningitis
1077,Brazilian purpuric fever,/wiki/Brazilian_purpuric_fever
1078,H. ducreyi,/wiki/Haemophilus_ducreyi
1079,Chancroid,/wiki/Chancroid
1080,H. parainfluenzae,/wiki/Haemophilus_parainfluenzae
1081,HACEK,/wiki/HACEK_organisms
1082,Pasteurella multocida,/wiki/Pasteurella_multocida
1083,Pasteurellosis,/wiki/Pasteurellosis
1084,Actinobacillus,/wiki/Actinobacillus
1085,Actinobacillosis,/wiki/Actinobacillosis
1086,Aggregatibacter actinomycetemcomitans,/wiki/Aggregatibacter_actinomycetemcomitans
1087,HACEK,/wiki/HACEK_organisms
1088,Legionellales,/wiki/Legionellales
1089,Legionella pneumophila,/wiki/Legionella_pneumophila
1090,Legionella longbeachae,/wiki/Legionella_longbeachae
1091,Legionnaires' disease,/wiki/Legionnaires%27_disease
1092,Coxiella burnetii,/wiki/Coxiella_burnetii
1093,Q fever,/wiki/Q_fever
1094,Thiotrichales,/wiki/Thiotrichales
1095,Francisella tularensis,/wiki/Francisella_tularensis
1096,Tularemia,/wiki/Tularemia
1097,Vibrionaceae,/wiki/Vibrionaceae
1098,Vibrio cholerae,/wiki/Vibrio_cholerae
1099,Vibrio vulnificus,/wiki/Vibrio_vulnificus
1100,Vibrio parahaemolyticus,/wiki/Vibrio_parahaemolyticus
1101,Vibrio alginolyticus,/wiki/Vibrio_alginolyticus
1102,Plesiomonas shigelloides,/wiki/Plesiomonas_shigelloides
1103,Pseudomonadales,/wiki/Pseudomonadales
1104,Pseudomonas aeruginosa,/wiki/Pseudomonas_aeruginosa
1105,Pseudomonas infection,/wiki/Pseudomonas_infection
1106,Moraxella catarrhalis,/wiki/Moraxella_catarrhalis
1107,Acinetobacter baumannii,/wiki/Acinetobacter_baumannii
1108,Xanthomonadaceae,/wiki/Xanthomonadaceae
1109,Stenotrophomonas maltophilia,/wiki/Stenotrophomonas_maltophilia
1110,Cardiobacteriaceae,/wiki/Cardiobacteriaceae
1111,Cardiobacterium hominis,/wiki/Cardiobacterium_hominis
1112,HACEK,/wiki/HACEK_organisms
1113,Aeromonadales,/wiki/Aeromonadales
1114,Aeromonas hydrophila,/wiki/Aeromonas_hydrophila
1115,Aeromonas veronii,/wiki/Aeromonas_veronii
1116,Aeromonas infection,/wiki/Aeromonas_infection
1117,ε,/wiki/Campylobacterota
1118,Campylobacterales,/wiki/Campylobacterales
1119,Campylobacter jejuni,/wiki/Campylobacter_jejuni
1120,Campylobacteriosis,/wiki/Campylobacteriosis
1121,Guillain–Barré syndrome,/wiki/Guillain%E2%80%93Barr%C3%A9_syndrome
1122,Helicobacter pylori,/wiki/Helicobacter_pylori
1123,Peptic ulcer,/wiki/Peptic_ulcer
1124,MALT lymphoma,/wiki/MALT_lymphoma
1125,Gastric cancer,/wiki/Gastric_cancer
1126,Helicobacter cinaedi,/wiki/Helicobacter_cinaedi
1127,Helicobacter cellulitis,/wiki/Helicobacter_cellulitis
1128,Authority control databases,/wiki/Help:Authority_control
1129,No Title,No Link
1130,Categories,/wiki/Help:Category
1131,Cholera,/wiki/Category:Cholera
1132,Diarrhea,/wiki/Category:Diarrhea
1133,Foodborne illnesses,/wiki/Category:Foodborne_illnesses
1134,Gastrointestinal tract disorders,/wiki/Category:Gastrointestinal_tract_disorders
1135,Intestinal infectious diseases,/wiki/Category:Intestinal_infectious_diseases
1136,Tropical diseases,/wiki/Category:Tropical_diseases
1137,Epidemics,/wiki/Category:Epidemics
1138,Pandemics,/wiki/Category:Pandemics
1139,Sanitation,/wiki/Category:Sanitation
1140,Waterborne diseases,/wiki/Category:Waterborne_diseases
1141,Vaccine-preventable diseases,/wiki/Category:Vaccine-preventable_diseases
1142,Webarchive template wayback links,/wiki/Category:Webarchive_template_wayback_links
1143,All articles lacking reliable references,/wiki/Category:All_articles_lacking_reliable_references
1144,Articles lacking reliable references from December 2013,/wiki/Category:Articles_lacking_reliable_references_from_December_2013
1145,CS1: Julian–Gregorian uncertainty,/wiki/Category:CS1:_Julian%E2%80%93Gregorian_uncertainty
1146,CS1 maint: unfit URL,/wiki/Category:CS1_maint:_unfit_URL
1147,CS1 Italian-language sources (it),/wiki/Category:CS1_Italian-language_sources_(it)
1148,CS1 Spanish-language sources (es),/wiki/Category:CS1_Spanish-language_sources_(es)
1149,CS1 Catalan-language sources (ca),/wiki/Category:CS1_Catalan-language_sources_(ca)
1150,CS1 Portuguese-language sources (pt),/wiki/Category:CS1_Portuguese-language_sources_(pt)
1151,CS1 errors: missing periodical,/wiki/Category:CS1_errors:_missing_periodical
1152,Articles with short description,/wiki/Category:Articles_with_short_description
1153,Short description matches Wikidata,/wiki/Category:Short_description_matches_Wikidata
1154,Wikipedia pages semi-protected against vandalism,/wiki/Category:Wikipedia_pages_semi-protected_against_vandalism
1155,Short description is different from Wikidata,/wiki/Category:Short_description_is_different_from_Wikidata
1156,All articles with unsourced statements,/wiki/Category:All_articles_with_unsourced_statements
1157,Articles with unsourced statements from December 2013,/wiki/Category:Articles_with_unsourced_statements_from_December_2013
1158,All articles with vague or ambiguous time,/wiki/Category:All_articles_with_vague_or_ambiguous_time
1159,Vague or ambiguous time from August 2017,/wiki/Category:Vague_or_ambiguous_time_from_August_2017
1160,Articles with unsourced statements from August 2020,/wiki/Category:Articles_with_unsourced_statements_from_August_2020
1161,Articles containing potentially dated statements from 2010,/wiki/Category:Articles_containing_potentially_dated_statements_from_2010
1162,All articles containing potentially dated statements,/wiki/Category:All_articles_containing_potentially_dated_statements
1163,Articles containing potentially dated statements from 2015,/wiki/Category:Articles_containing_potentially_dated_statements_from_2015
1164,Articles containing potentially dated statements from August 2021,/wiki/Category:Articles_containing_potentially_dated_statements_from_August_2021
1165,Articles containing Greek-language text,/wiki/Category:Articles_containing_Greek-language_text
1166,Articles containing potentially dated statements from 2018,/wiki/Category:Articles_containing_potentially_dated_statements_from_2018
1167,Commons category link is on Wikidata,/wiki/Category:Commons_category_link_is_on_Wikidata
1168,Wikipedia articles incorporating a citation from the 1911 Encyclopaedia Britannica with Wikisource reference,/wiki/Category:Wikipedia_articles_incorporating_a_citation_from_the_1911_Encyclopaedia_Britannica_with_Wikisource_reference
1169,Articles with BNF identifiers,/wiki/Category:Articles_with_BNF_identifiers
1170,Articles with BNFdata identifiers,/wiki/Category:Articles_with_BNFdata_identifiers
1171,Articles with GND identifiers,/wiki/Category:Articles_with_GND_identifiers
1172,Articles with J9U identifiers,/wiki/Category:Articles_with_J9U_identifiers
1173,Articles with LCCN identifiers,/wiki/Category:Articles_with_LCCN_identifiers
1174,Articles with NDL identifiers,/wiki/Category:Articles_with_NDL_identifiers
1175,Articles with NKC identifiers,/wiki/Category:Articles_with_NKC_identifiers
1176,Articles with HDS identifiers,/wiki/Category:Articles_with_HDS_identifiers
1177,Articles with NARA identifiers,/wiki/Category:Articles_with_NARA_identifiers
1178,Wikipedia medicine articles ready to translate,/wiki/Category:Wikipedia_medicine_articles_ready_to_translate
1179,Wikipedia emergency medicine articles ready to translate,/wiki/Category:Wikipedia_emergency_medicine_articles_ready_to_translate
